Data;Q Negs;Q Títs;Volume$;Fechamento;Abertura;Mínimo;Máximo;Médio
2024-12-27;1;1600;4080016;970.095182;970.095182;970.095182;970.095182;970.095182
